1; Linda ; Welch ;2.11.1922;
2; Britta ; Apel ;23.1.1958;
3; Laura ; Copeland ;3.9.1990;
4; Nico ; Gericke ;8.11.1953;
5; Noah ; Hillebrandt ;11.2.1970;
6; Susanne ; Lauterbach ;10.10.1954;
7; Marlon ; Uhlenbrock ;27.5.1995;
8; Karla ; Kunert ;3.11.1922;
9; Mareike ; Stein ;25.4.1941;
10; Lotta ; Gerken ;25.7.1999;
11; Larissa ; Wedemeyer ;26.12.1950;
12; Matis ; Krohn ;9.9.1969;
13; Julius ; Häger ;12.10.1990;
14; Patrik ; Seibel ;8.8.1923;
15; Marion ; Adolf ;22.12.1941;
16; Anneke ; Gall ;21.1.1981;
17; Erik ; Kriegel ;28.6.1988;
18; Hannes ; Kassner ;4.4.1920;
19; Luk ; Burmeister ;26.6.1987;
20; Janine ; Wilde ;18.1.1934;
21; Selina ; Kluge ;15.1.1987;
22; Maria ; Davis ;10.1.1997;
23; Sebastian ; Brockhaus ;2.1.1986;
24; Manfred ; Kurth ;11.8.1930;
25; Karla ; Buschmann ;22.10.1970;
26; Marcus ; Gabriel ;8.8.1949;
27; Holger ; Beckmann ;11.12.1926;
28; Melanie ; Cortez ;14.2.1931;
29; Detlef ; Schulte ;17.5.1975;
30; Thomas ; Buchanan ;11.3.1940;
31; Lorenz ; Langhammer ;26.7.1988;
32; Gert ; Seewald ;22.4.1978;
33; Käte ; Pauli ;10.6.1943;
34; Bennet ; Schuster ;6.8.1932;
35; Klaudia ; Krings ;23.10.1958;
36; Franziska ; Heyn ;28.5.1990;
37; Walter ; Perez ;21.4.1921;
38; Jaqueline ; Singleton ;9.3.1963;
39; Cedric ; Hofmeister ;2.12.1963;
40; Lena ; Bruder ;16.1.1990;
41; Jean ; Ruiz ;6.6.1938;
42; Mariella ; Döring ;26.11.1940;
43; Bernhard ; West ;28.12.1926;
44; Ole ; Waldhaus ;19.7.1989;
45; Marianne ; Lachmann ;18.5.1941;
46; Marina ; Förster ;9.3.1944;
47; Mariella ; Neuberger ;2.10.1961;
48; Enno ; Harder ;25.6.1977;
49; Gisela ; Estrada ;26.1.1923;
50; Samuel ; Kehl ;24.3.1981;
51; Jonas ; Wedekind ;24.6.1950;
52; Friederike ; Bondar ;24.3.1998;
53; Maurice ; Rex ;1.12.1995;
54; Lia ; Seiffert ;22.2.1994;
55; Tomas ; Wilkins ;3.2.1964;
56; Justus ; Wille ;26.10.1975;
57; Marlies ; Hüttner ;5.12.1953;
58; Ruth ; Acar ;28.7.1972;
59; Theo ; Spang ;19.2.1997;
60; Thore ; Bittner ;10.4.1962;
61; Elias ; Armbruster ;19.11.1974;
62; Luca ; Triebel ;5.1.1990;
63; Kjell ; Dreher ;16.4.1988;
64; Swen ; Eberhard ;3.6.1983;
65; Ilse ; Hennings ;5.7.1998;
66; Tom ; Tekin ;10.6.1964;
67; Jonas ; Pierce ;23.1.1982;
68; Lieselotte ; Wolters ;5.8.1932;
69; Aaron ; Simpson ;20.8.1940;
70; Enno ; Singh ;1.1.1974;
71; Louisa ; Faulhaber ;4.3.1929;
72; Nils ; Walk ;16.4.1937;
73; Walther ; Mullins ;18.2.1970;
74; Jonas ; Merkel ;13.10.1924;
75; Xenia ; Adler ;16.11.1992;
76; Sabrina ; Brill ;24.1.1991;
77; Marius ; Ehrmann ;19.10.1942;
78; Henry ; Schröder ;1.11.1946;
79; Can ; Griffith ;15.9.1974;
80; Henrik ; Reich ;11.11.1952;
81; Benedict ; Breitner ;28.6.1970;
82; Ronja ; Kaya ;9.5.1996;
83; Dieter ; Sailer ;10.9.1943;
84; Henri ; Denk ;24.4.1955;
85; Caja ; Nau ;18.10.1970;
86; Gert ; Kellner ;5.1.1986;
87; Mirco ; Kegel ;13.6.1989;
88; Jeremie ; Kahlert ;9.3.1943;
89; Mark ; Reissmann ;9.4.1956;
90; Martha ; Pahlke ;9.3.1942;
91; Marlene ; Dorn ;16.6.1983;
92; Levin ; Bräutigam ;20.5.1972;
93; Ute ; Horstmann ;2.1.1998;
94; Alexa ; Larson ;19.10.2000;
95; Laura ; Ahrend ;12.9.1952;
96; Magdalena ; John ;4.4.1985;
97; Gerd ; McBride ;8.6.1921;
98; Nele ; Groth ;20.2.1940;
99; Janina ; Holmes ;16.2.1967;
100; Franz ; Adrian ;18.11.1981;
101; Samuel ; Stevens ;4.7.1986;
102; Margarethe ; Mullins ;20.9.1995;
103; Tobias ; Schwarze ;22.5.1927;
104; Sofia ; Herman ;25.2.1973;
105; Matthies ; Jänsch ;26.3.1929;
106; Georg ; Nunez ;4.11.1940;
107; Nico ; Eberlein ;7.6.1936;
108; Waltraut ; Rost ;27.9.1939;
109; Sascha ; Gehring ;6.7.1963;
110; Maren ; Stamm ;16.10.1993;
111; Leonard ; Eckard ;25.12.1988;
112; Anneke ; Weigel ;19.7.1983;
113; Neele ; Philipp ;20.9.1921;
114; Aleyna ; Wiesmann ;26.12.1982;
115; Alena ; Mäder ;10.4.1958;
116; Lilli ; Williamson ;15.1.1921;
117; Frieda ; Martina ;8.1.1927;
118; Ian ; Thamm ;5.7.1921;
119; Caja ; Kohl ;16.2.1928;
120; Stella ; Selzer ;9.3.1945;
121; Lilian ; Hartmann ;25.3.1922;
122; Sven ; Klug ;4.12.1967;
123; Gerhardt ; Valdez ;23.3.1961;
124; Henriette ; Penner ;20.11.1960;
125; Anton ; Thieme ;10.8.1929;
126; Fabienne ; Ahrends ;13.9.1939;
127; Waltraud ; Saupe ;25.3.1949;
128; Laurin ; Strauss ;1.9.1936;
129; Luc ; Rosenthal ;14.9.1986;
130; Lucia ; Jahn ;8.4.1988;
131; Joachim ; Schuhmann ;20.11.1974;
132; Jamie ; Gerner ;16.1.1928;
133; Mareike ; Ott ;28.1.1946;
134; Bastian ; Eggert ;25.9.1997;
135; Wilhelm ; Ruiz ;15.8.1958;
136; Stella ; Heine ;5.3.1974;
137; Christoph ; Rother ;23.10.1976;
138; Ricardo ; Grossmann ;13.5.1950;
139; Kim ; Straub ;27.7.1974;
140; Tomas ; Edinger ;16.8.1934;
141; Friedrich ; Kamp ;2.4.1922;
142; Anneliese ; Freund ;13.2.1966;
143; Lisa ; Bernhardt ;5.1.1981;
144; Joelina ; Ford ;19.1.1933;
145; Jonah ; Herrman ;13.6.1949;
146; Leif ; Seifert ;9.6.1986;
147; Maya ; Bosse ;1.3.1984;
148; Benedict ; Schäffler ;20.4.1970;
149; Ilse ; Wilken ;12.11.1948;
150; Carlo ; Triebel ;20.4.1955;
151; Nils ; Eberhardt ;2.12.1964;
152; Luca ; Terry ;28.7.1945;
153; Samira ; Gericke ;14.12.1948;
154; Jaqueline ; Hillebrandt ;12.8.1997;
155; Laurenz ; Fleming ;27.1.1927;
156; Oskar ; Diaz ;10.2.2000;
157; Elena ; Wegmann ;21.11.1964;
158; Ole ; Klein ;9.7.1921;
159; Oliver ; Wehrmann ;2.8.1929;
160; Marieke ; Hirschmann ;10.3.1924;
161; Danny ; Wulf ;1.3.1953;
162; Niclas ; Hörmann ;16.4.1994;
163; Janne ; Ehlert ;24.11.1976;
164; Juliana ; Sailer ;11.12.1984;
165; Karolina ; Puschmann ;12.8.1961;
166; Anne ; Lammers ;6.4.1967;
167; Sascha ; Assmann ;27.4.1980;
168; Maxim ; Santiago ;26.1.1987;
169; Riccardo ; Maldonado ;2.1.1977;
170; Leah ; Webb ;15.3.1943;
171; Manuela ; Rother ;17.12.1970;
172; Benjamin ; Kühne ;8.8.1938;
173; Jamie ; Kahl ;3.3.1991;
174; Sofie ; Kautz ;26.12.1978;
175; Mariella ; Selig ;3.5.1936;
176; Elke ; Sinn ;14.10.1990;
177; Miriam ; Mayr ;28.12.1936;
178; Alicia ; Kretz ;27.11.1969;
179; Bennet ; Engler ;14.4.1979;
180; Jannick ; Schaub ;9.7.1990;
181; Isabell ; Bosch Dienst ;12.5.1932;
182; Bennet ; Hagen ;28.8.1955;
183; Yannik ; Küpper ;17.12.1984;
184; Emmily ; Brink ;7.2.1958;
185; Jesse ; Knauer ;23.2.1960;
186; Timo ; Hanke ;19.2.1936;
187; Konstantin ; Welter ;16.9.1984;
188; Laurens ; Rahm ;16.10.1957;
189; Jacqueline ; Heyne ;1.9.1930;
190; Vivienne ; Brandl ;23.4.1930;
191; Lennox ; Ahrends ;27.8.1957;
192; Mia ; Huber ;3.11.1977;
193; Neele ; Schütt ;21.4.1923;
194; Lennard ; Gebert ;13.11.1930;
195; Joerg ; Lloyd ;16.11.1977;
196; Harald ; Petzold ;6.9.1963;
197; Tristan ; Hillenbrand ;13.6.1927;
198; Benedict ; Gutierrez ;14.12.1962;
199; Rafael ; Radtke ;15.5.1983;
200; Janin ; Hofbauer ;22.11.1969;
201; Conner ; Hintz ;4.11.1994;
202; Jessika ; Dehn ;22.10.1980;
203; Riccardo ; Moran ;15.11.1996;
204; Victoria ; Schwalm ;18.5.1996;
205; Jennifer ; Rausch ;24.10.1924;
206; Falk ; Baker ;4.5.1929;
207; Pia ; Day ;19.6.1961;
208; Melanie ; Frey ;17.3.1966;
209; Julie ; Wichmann ;15.2.1990;
210; Josephine ; Hirschmann ;20.8.1968;
211; Nathalie ; Seeberger ;22.9.1996;
212; Regina ; Reimers ;17.9.1969;
213; Annabelle ; Lüke ;9.6.1989;
214; Kristine ; Pena ;16.3.1996;
215; Thorsten ; Meier ;17.7.1943;
216; Matilda ; Ulbrich ;16.1.1987;
217; Waldtraut ; Hauck ;12.7.1990;
218; Bruno ; Schatz ;11.1.1943;
219; Martha ; Baran ;19.10.1959;
220; Christiane ; Pütz ;6.3.1940;
221; Jesse ; Friedrich ;7.6.1999;
222; Wilhelm ; Schmit ;10.6.1959;
223; Piet ; Schenk ;25.10.1947;
224; Christof ; Strauch ;20.7.1973;
225; Kristin ; Franke ;26.1.1990;
226; Jana ; Cook ;13.7.1997;
227; Gudrun ; Heuser ;22.5.1981;
228; Reinhardt ; Zoellner ;8.6.1929;
229; Emilie ; Berry ;6.1.1931;
230; Bernt ; Kurz ;2.12.1921;
231; Erwin ; Mayer ;16.8.1924;
232; Erwin ; Dean ;18.1.1953;
233; Waltraud ; Jenkins ;20.1.1984;
234; Kurt ; Vater ;5.2.1986;
235; Emre ; Saal ;9.11.1981;
236; Jannes ; Westermann ;26.4.1927;
237; Mia ; Lamb ;20.5.1932;
238; Muhammed ; Höfer ;11.3.2000;
239; Kimberley ; Gaida ;2.5.1940;
240; Ingeborg ; Fowler ;1.4.1969;
241; Helen ; Karcher ;16.12.1984;
242; Klaudia ; Denzer ;13.11.1945;
243; Aileen ; Schüssler ;19.9.1972;
244; Felicitas ; Fey ;17.4.1947;
245; Chris ; Yildiz ;10.2.1925;
246; Joshua ; Herbst ;3.12.1972;
247; Finnja ; Viessmann ;18.3.1983;
248; Bjarne ; Jäckle ;20.8.1946;
249; Gabriele ; Borchers ;27.3.1998;
250; Timo ; Seger ;2.2.1957;
251; Jennifer ; Maas ;8.6.1980;
252; Leandro ; Nichols ;23.6.1923;
253; Hildegard ; Riedl ;25.5.1929;
254; Käthe ; Kröber ;17.3.1956;
255; Janis ; Ebner ;14.9.1965;
256; Bernhard ; Hager ;6.1.1961;
257; Volker ; Stanley ;24.2.1920;
258; Isabelle ; Brooks ;25.7.1974;
259; Laurens ; Mitchell ;11.8.1945;
260; Arthur ; Schüller ;12.5.1980;
261; Kurt ; Petermann ;18.3.1931;
262; Heiko ; Hagedorn ;24.8.1926;
263; Michael ; Walz ;23.5.1980;
264; Clara ; Hilbig ;14.6.1966;
265; Friederike ; Hogan ;17.12.1975;
266; Thies ; Mertens ;18.11.1968;
267; Anabel ; Franklin ;8.2.1954;
268; Norbert ; Hughes ;3.8.1920;
269; Kevin ; Scheerer ;26.4.1984;
270; Finn ; Pawlowski ;8.4.1920;
271; Catarina ; Hornung ;16.6.1994;
272; Helen ; Eich ;7.3.1989;
273; Marcus ; Jäckel ;3.9.1945;
274; Louis ; Malek ;28.12.1993;
275; Jannick ; Hit ;12.7.1969;
276; Emmily ; Werner ;17.3.1944;
277; Heike ; Moosmann ;21.11.1991;
278; Saskia ; Matthes ;22.12.1925;
279; Anthony ; Dehn ;6.9.1959;
280; Finja ; Arnold ;13.4.1950;
281; Holger ; Nolte ;11.4.1981;
282; Roman ; Jacobi ;7.4.1943;
283; Rosemarie ; Volkmann ;6.4.1988;
284; Jannik ; Peterson ;5.1.1957;
285; Isabella ; Pena ;13.8.1984;
286; Rüdiger ; Körner ;7.9.1933;
287; Lara ; Seeber ;27.10.1947;
288; Liam ; Summers ;19.7.1978;
289; Bernhardt ; Neitzel ;5.7.1974;
290; Rosa ; Benz ;19.12.1976;
291; Nick ; Reiner ;28.11.1991;
292; Nelli ; Haynes ;11.7.1993;
293; Anica ; Holmes ;10.6.1950;
294; Matthias ; Bishop ;16.4.1970;
295; Liah ; Schaaf ;23.11.1970;
296; Michel ; Block ;8.6.1924;
297; Christian ; Hohmann ;18.10.1982;
298; Piet ; Lohmeier ;5.4.1987;
299; Ingeborg ; Pohlmann ;19.6.1927;
300; Rita ; Baldwin ;6.10.1960;
301; Claus ; Lippert ;1.7.1956;
302; Riccardo ; Yilmaz ;9.2.1938;
303; Waltraud ; Edler ;27.3.1978;
304; Mia ; Kilian ;14.8.1950;
305; Miguel ; Morgenstern ;16.12.1987;
306; Jens ; Reis ;21.11.1953;
307; Meike ; Langenbach ;5.8.1995;
308; Robin ; Bröcker ;24.8.1943;
309; Pascal ; Nell ;10.11.1953;
310; Matilda ; Kröner ;4.5.1928;
311; Gisela ; Geiger ;17.5.1931;
312; Jeremie ; Moll ;1.1.1993;
313; Ursula ; Harper ;8.10.1994;
314; Liam ; Lehnen ;6.12.1941;
315; Hertha ; Haas ;1.8.1944;
316; Frida ; Kurth ;5.3.1950;
317; Leona ; Krohn ;25.4.1935;
318; Gertrud ; Groth ;13.8.1949;
319; Giulia ; Gehrmann ;10.12.1937;
320; Kai ; Münstermann ;12.8.1981;
321; Louisa ; Kohn ;10.9.1970;
322; Yvonne ; Schäffler ;19.10.1961;
323; Margarete ; Lührs ;14.12.1958;
324; Connor ; Maassen ;26.12.1956;
325; Walter ; Wiegel ;3.5.1964;
326; Nicolas ; Seyfried ;14.5.1982;
327; Rosemarie ; Giese ;3.5.1971;
328; Karin ; Robbins ;15.7.1946;
329; Heinz ; Kelly ;4.1.1989;
330; Liam ; Herrman ;2.9.1947;
331; Lorena ; Hornung ;26.1.1927;
332; Svenja ; Neubauer ;7.8.1948;
333; Bruno ; Ahrendt ;17.9.1925;
334; Anne ; Cordes ;25.8.1974;
335; Madita ; Schwager ;5.3.1964;
336; Magnus ; Stein ;23.10.1954;
337; Colin ; Knight ;22.1.1979;
338; Valentin ; Schmitz ;3.7.1935;
339; Mariella ; Schuster ;28.6.1934;
340; Mira ; Bär ;23.10.1939;
341; Nicholas ; Otten ;12.9.1928;
342; Hanna ; Raschke ;25.3.1928;
343; Mathis ; Person ;4.10.1960;
344; Marko ; Pahl ;12.11.1991;
345; Joelle ; Juergens ;26.2.1980;
346; Nick ; Karl ;15.1.1938;
347; Mona ; Bad ;14.4.1957;
348; Bernd ; Kleine ;23.9.1970;
349; Timo ; Räder ;13.4.1975;
350; Viktoria ; Simons ;19.6.1998;
351; Erica ; Glover ;12.6.1927;
352; Sonja ; Brandl ;22.12.1923;
353; Swen ; Buchner ;21.7.1948;
354; Nele ; Hamilton ;14.9.1998;
355; Gabriel ; Pauly ;27.5.1971;
356; Andreas ; Wienand ;5.7.1937;
357; Arthur ; Reinsch ;28.11.1940;
358; Juli ; Tietz ;21.9.1948;
359; Waltraud ; Endres ;2.8.1974;
360; Liam ; Wegner ;4.11.1925;
361; Ulrich ; Triebel ;6.5.1954;
362; Rolf ; Freund ;15.1.1933;
363; Silke ; Schmitt ;8.12.1952;
364; Konstantin ; Muhr ;10.11.1995;
365; Thorsten ; Gray ;8.7.1929;
366; Rosa ; Reusch ;2.6.1978;
367; Stephan ; Günther ;1.3.1960;
368; Julius ; Falke ;23.3.1932;
369; Niels ; Wilhelmi ;27.2.1995;
370; Chantale ; Kloster ;12.3.1974;
371; Amelie ; Sturm ;13.12.1993;
372; Tim ; Böttger ;10.4.1980;
373; Yvonne ; Overbeck ;4.5.1975;
374; Yvonne ; Bross ;23.4.1957;
375; Elfriede ; Hildenbrand ;8.2.1928;
376; Nic ; Heidemann ;19.4.1928;
377; Philine ; Page ;5.7.1945;
378; Olaf ; Demmel ;14.3.1964;
379; Patrick ; Garrett ;26.2.1959;
380; Sebastian ; Schwegler ;8.3.1979;
381; Lotta ; Schüttler ;10.9.1994;
382; Marlene ; Rank ;24.4.1977;
383; Markus ; Hampton ;18.12.1925;
384; Michael ; Reis ;28.12.1992;
385; Nicholas ; Jost ;3.6.1927;
386; Caroline ; Ranft ;3.9.1987;
387; Jan ; Voigt ;8.10.1948;
388; Florian ; Karle ;9.9.1964;
389; Christian ; Kolb ;19.6.1990;
390; Mathis ; Ehlers ;27.7.1937;
391; Erich ; Wehr ;24.9.1982;
392; Lorenz ; Glover ;20.9.1938;
393; Sina ; Teichert ;1.12.1949;
394; Kiara ; Berger ;15.12.1966;
395; Lothar ; Jahns ;3.9.1991;
396; Theo ; Bähr ;26.3.1964;
397; Sophie ; Probst ;24.1.1962;
398; Leander ; Greif ;2.1.1927;
399; Gisela ; Krey ;27.8.1998;
400; Irmgart ; Schwanke ;21.2.1943;
401; Christian ; Korte ;15.12.1962;
402; Laura ; Mutschler ;13.9.1971;
403; Juliana ; Pagel ;12.10.1925;
404; Niels ; Morris ;17.1.1993;
405; Hannelore ; Saul ;15.9.1995;
406; Mads ; Campbell ;21.2.1968;
407; Karlo ; Radtke ;28.11.1967;
408; Sonja ; Heyer ;22.10.1998;
409; Milan ; Kriegel ;20.8.1954;
410; Rike ; Cramer ;4.11.1944;
411; Till ; Färber ;6.3.1979;
412; Anabel ; Ferstl ;28.4.1987;
413; Dominik ; Kromer ;17.9.1959;
414; Lisa ; Aust ;3.4.1925;
415; Antonio ; Putz ;11.9.1993;
416; Pascal ; Garcia ;10.11.1945;
417; Sonja ; Stevens ;26.11.1965;
418; Dario ; Flame ;9.5.1979;
419; Jan ; Ehrmann ;9.3.1951;
420; Max ; Schaaf ;19.1.1973;
421; Fabio ; Köster ;8.7.1961;
422; Lothar ; Seemann ;2.9.1930;
423; Isabell ; Horstmann ;22.11.1961;
424; Magdalena ; Borchers ;6.5.1953;
425; René ; Eichhorn ;26.1.1921;
426; Jutta ; Hiller ;21.3.1999;
427; Sofia ; Parker ;15.6.1930;
428; Angela ; Reit ;5.6.1961;
429; Rebecca ; Hempel ;19.10.1982;
430; Sven ; Gordon ;15.3.1967;
431; Michelle ; Brass ;21.7.1962;
432; Isabel ; Wecker ;18.8.1945;
433; Jessika ; Schulz ;6.6.1963;
434; Luise ; Stange ;28.5.1975;
435; Detlef ; Rahn ;7.5.1939;
436; Rike ; Schreiner ;1.9.1983;
437; Joshua ; Ostermann ;11.9.1989;
438; Günter ; Carmen ;2.2.1934;
439; Nic ; Geib ;28.8.1920;
440; Annette ; Reinhardt ;1.11.1968;
441; Andre ; Kunert ;20.1.1933;
442; Ingeborg ; Layer ;15.11.1936;
443; Connor ; Fleischmann ;2.6.1976;
444; Christina ; Brandenburger ;16.6.1980;
445; Janis ; Dammann ;5.8.1924;
446; Marten ; Sager ;12.12.1981;
447; Colin ; Phelps ;5.11.1944;
448; Mathias ; Kemmer ;14.9.1977;
449; Olivia ; Long ;7.7.1967;
450; Lana ; Heyn ;6.1.1976;
451; Brigitte ; Peetz ;1.4.1949;
452; Lya ; Hägele ;18.4.1993;
453; Thore ; Krause ;21.12.1946;
454; Riccardo ; Götz ;19.5.1985;
455; Hannelore ; Voss ;12.8.1933;
456; Margarethe ; Luna ;5.1.1977;
457; Henning ; Kröber ;23.5.1973;
458; Mario ; Eberhard ;8.2.1993;
459; Matthies ; Schumann ;15.5.1925;
460; Katrin ; Senger ;24.4.1965;
461; Mattis ; Tillmann ;3.10.1974;
462; Chiara ; Maack ;22.10.1945;
463; Tomas ; Mitchell ;13.12.1960;
464; Maik ; Klatt ;6.5.1974;
465; Miriam ; Schreiber ;28.8.1992;
466; Judith ; Kanone ;27.9.1925;
467; Karolina ; Davidson ;22.12.1937;
468; Vincent ; Raab ;24.12.1965;
469; Janne ; Singh ;5.6.1927;
470; John ; Kiessling ;22.4.1954;
471; Muhammed ; Bates ;28.10.2000;
472; Jana ; Klemm ;13.11.1925;
473; Yannick ; Nash ;28.4.1925;
474; Piet ; Mayr ;10.10.1994;
475; Alex ; Hillmann ;7.1.1930;
476; Patrick ; Wirth ;12.8.1979;
477; Diana ; Pape ;13.12.1991;
478; Lukas ; Bossert ;7.11.1977;
479; Anika ; Groth ;23.9.1991;
480; Ida ; Ling ;17.11.1930;
481; Tore ; Pfister ;16.6.1936;
482; Anke ; Kauer ;4.6.1981;
483; Bernt ; Schiller ;9.3.1949;
484; Jolina ; Rogers ;8.11.1984;
485; Aaron ; Schmied ;20.9.1953;
486; Carolin ; Heinrichs ;18.7.1980;
487; Jil ; Landwehr ;26.9.1955;
488; Patrik ; Wendel ;2.4.1996;
489; Henri ; Mundt ;9.7.1940;
490; Amelie ; Conner ;10.1.1923;
491; Leander ; Beer ;8.1.1936;
492; Kimberley ; Reinhard ;22.12.1997;
493; Juli ; Schwegler ;10.7.1981;
494; Jonathan ; Warnke ;12.1.1923;
495; Maik ; Krug ;3.12.1951;
496; Benjamin ; Hackmann ;22.9.1921;
497; Clemens ; Love ;16.12.1940;
498; Jacqueline ; Rode ;28.3.1993;
499; Jule ; Rauscher ;22.12.1939;
500; Dominik ; Sonntag ;12.6.1941;
501; Carla ; Dresler ;28.6.1992;
502; Jonathan ; Germann ;13.7.1946;
503; Silas ; Dennis ;14.8.1923;
504; Björn ; Cunningham ;16.10.1934;
505; Kaja ; Lucas ;9.10.1940;
506; Erich ; Welch ;8.1.1957;
507; Magdalena ; Schnabel ;23.11.1983;
508; Maximilian ; Vogt ;6.7.1970;
509; Fabienne ; Gass ;14.11.1971;
510; Valentin ; Manns ;16.4.1922;
511; Janina ; Böse ;26.10.1924;
512; Olaf ; Brodbeck ;26.7.1984;
513; Melanie ; Tegtmeier ;19.4.1920;
514; Judith ; Sieg ;28.8.1926;
515; Colin ; Schumacher ;1.5.1965;
516; Dustin ; Maisch ;4.2.1932;
517; Herta ; Hügel ;17.3.1948;
518; Jamie ; Bacher ;6.1.1993;
519; Victor ; Kilian ;14.8.1955;
520; Dirk ; Seiffert ;4.9.1984;
521; Ingeborg ; Spiess ;13.6.1963;
522; Kilian ; Kalinowski ;3.12.1976;
523; Mathis ; Rasch ;25.3.1984;
524; Christian ; Kasten ;5.4.1923;
525; Nele ; Haarmann ;17.4.1957;
526; Annica ; Heuer ;7.6.1966;
527; Joshua ; Walters ;10.11.1958;
528; Stina ; Reuter ;14.5.1972;
529; Denise ; Gerstner ;15.3.1968;
530; Joerg ; Stark ;13.2.1983;
531; Alex ; Merkel ;1.7.1941;
532; Lorena ; Schädler ;23.9.1961;
533; Daniel ; Morgenstern ;8.7.1969;
534; Meik ; Shaw ;9.12.1974;
535; Meike ; Grünewald ;13.10.1923;
536; Denis ; Seubert ;24.11.1962;
537; Paul ; Carmen ;9.2.1935;
538; Jona ; Meilen ;16.8.1993;
539; Mathilda ; Gäbler ;14.6.1943;
540; Ben ; Wulf ;20.9.1925;
541; Herbert ; Joseph ;27.7.1987;
542; Hannah ; Liedtke ;24.8.1922;
543; Lennox ; Bowers ;19.1.1921;
544; Jennifer ; Armstrong ;6.7.1945;
545; Theresa ; Tafel ;15.7.1993;
546; Yannik ; Seifert ;15.9.1927;
547; Benedikt ; Mosch ;6.6.1991;
548; Katrin ; Hartl ;12.10.1955;
549; Monica ; Schad ;14.11.1985;
550; Daniela ; Krieger ;27.1.1949;
551; Julien ; Nell ;12.10.1981;
552; Saskia ; Lerch ;16.4.1956;
553; Carin ; Castro ;23.3.1930;
554; Juli ; Endres ;23.7.1925;
555; Lara ; McLaughlin ;5.11.1937;
556; Fritz ; Bruckner ;1.1.1972;
557; Karl ; Jörg ;6.4.2000;
558; Marcus ; Landau ;1.4.1971;
559; Oskar ; Gellert ;16.12.1989;
560; Julia ; Cremer ;10.10.1932;
561; Edith ; Nowak ;8.4.1999;
562; John ; Tag ;17.12.1974;
563; Anika ; Gauss ;23.4.1991;
564; Ernst ; Bötcher ;12.9.1956;
565; Nic ; Römer ;15.2.1991;
566; Mark ; Parks ;21.6.1986;
567; Siegfried ; Appel ;1.3.1975;
568; Hildegard ; Gläser ;23.2.1994;
569; Meik ; Hampel ;5.11.1966;
570; Annabelle ; Both ;23.10.1968;
571; Fiona ; Geist ;20.9.1945;
572; Clara ; Janssen ;14.3.1977;
573; Zoé ; Nunez ;7.12.1958;
574; Vivienne ; Schaller ;21.9.1935;
575; Lilly ; Hinrichs ;5.6.1929;
576; Fabienne ; Hilger ;17.12.1992;
577; Emmily ; Welter ;25.8.1992;
578; Jolina ; Moser ;27.5.1933;
579; Luka ; Nötzel ;8.11.1995;
580; Barbara ; Santiago ;18.4.1976;
581; Amy ; Backes ;19.4.1955;
582; Paulina ; Hecker ;8.3.1937;
583; Antonio ; Eckert ;13.4.1955;
584; Leona ; Alexander ;19.2.1929;
585; Nils ; Baierl ;23.7.1934;
586; Gerd ; Michels ;7.4.1978;
587; Mathias ; Teschner ;28.9.1923;
588; Lisa ; Williams ;11.8.1923;
589; Muhammed ; Heuser ;15.5.1991;
590; Karolina ; Baur ;3.6.1997;
591; Anneliese ; Valdez ;17.12.1996;
592; Nadin ; Gerken ;25.12.1967;
593; Klaus ; Love ;12.12.1991;
594; Matis ; Johnson ;22.6.1991;
595; Rebecca ; Collier ;3.9.1975;
596; Quentin ; Fast ;26.6.1943;
597; Hendrik ; Gonzales ;22.8.1961;
598; Niklas ; Cramer ;18.9.1959;
599; Mandy ; Bruder ;10.12.1999;
600; Lennard ; Beyer ;19.8.1939;
601; Ida ; McKenzie ;10.5.1966;
602; Amelie ; Nell ;14.7.1964;
603; Milan ; Bischoff ;27.6.1951;
604; Michael ; Lammers ;1.7.1996;
605; Reinhard ; Collins ;22.2.1951;
606; Zoe ; Renz ;9.2.1922;
607; Horst ; Schuhmann ;21.4.1952;
608; Astrid ; Simon ;18.12.1956;
609; Kimberley ; Schaarschmidt ;15.5.1933;
610; Christoph ; Vater ;9.10.1976;
611; Birgit ; Knobloch ;27.4.1970;
612; Willi ; Schöne ;8.1.1968;
613; Lothar ; Warmuth ;11.2.1937;
614; Anja ; Russell ;28.1.1933;
615; Leif ; Denker ;17.9.1939;
616; Konstantin ; Bruch ;11.2.1925;
617; Nele ; Bartl ;2.3.1980;
618; Marius ; Anderson ;25.3.1935;
619; Elfriede ; Späth ;4.5.1936;
620; Karlo ; Lindner ;29.8.1992;
621; Käte ; Jakobi ;21.10.1954;
622; Joel ; Semmler ;27.11.1988;
623; Ingrid ; Dennis ;4.11.1972;
624; Alexandra ; Tesch ;9.3.1928;
625; Marcus ; Petzold ;9.7.1930;
626; Carina ; Eberhard ;15.2.1931;
627; Kristina ; Seel ;21.2.1946;
628; Erich ; Brooks ;26.2.1966;
629; Günther ; Mutschler ;2.10.1982;
630; Paula ; Hiller ;3.6.1976;
631; Colin ; Sikora ;7.2.1920;
632; Hanna ; Seite ;20.9.1971;
633; Jacob ; Wagner ;13.1.1957;
634; Kerstin ; Newton ;22.7.1980;
635; Sina ; Abels ;26.9.1930;
636; Xenia ; Sonntag ;28.6.1940;
637; Benedikt ; Pastor ;25.9.1947;
638; Björn ; Powell ;19.2.1925;
639; Doris ; Kästner ;12.6.1997;
640; Mina ; Lauterbach ;4.12.1960;
641; Heike ; Meyer ;9.7.1979;
642; Marina ; Duncan ;5.2.1936;
643; Lana ; Wassmann ;17.7.1920;
644; Vanessa ; Fleming ;18.9.1952;
645; Jamie ; Bryant ;1.4.1998;
646; Marlene ; Witt ;12.6.1965;
647; Kyra ; Christ ;11.11.1993;
648; Michel ; Jimenez ;6.5.1921;
649; Nicolas ; Jäckel ;17.11.1994;
650; Paul ; Buck ;12.5.1996;
651; Zoe ; Auer ;1.6.1927;
652; Marieke ; Hopkins ;9.8.1974;
653; Juliana ; Velten ;28.6.1975;
654; Detlev ; McDonald ;8.4.1993;
655; Jannes ; Aust ;5.12.1967;
656; Käthe ; Krug ;18.10.1959;
657; Emelie ; Kleine ;9.10.1948;
658; Lasse ; Rodriguez ;8.1.1977;
659; Gabriel ; Seitz ;19.2.1979;
660; Frank ; Clark ;5.9.1991;
661; Eva ; Kröner ;11.6.1942;
662; Silas ; Townsend ;22.9.1989;
663; Joachim ; Kaufhold ;19.7.1959;
664; Linda ; Sachse ;19.9.1964;
665; Mara ; Göbel ;17.2.1961;
666; Falk ; Pape ;15.8.1954;
667; Petra ; Barnes ;19.9.1950;
668; Miguel ; Hauke ;18.4.1943;
669; Carsten ; Hoppe ;13.2.1997;
670; Benedict ; Michael ;13.6.1983;
671; Marko ; Georgi ;23.10.1999;
672; Nadin ; Felber ;23.10.1969;
673; Olaf ; Wegner ;19.2.1991;
674; Anke ; Schanz ;22.3.1922;
675; Hannah ; Rios ;21.4.1979;
676; Helene ; Santos ;20.6.1996;
677; Kimberley ; Schmuck ;6.2.1990;
678; Jürgen ; Wiener ;13.4.1961;
679; Matti ; Karle ;23.5.1942;
680; Anabel ; Wieser ;10.11.1930;
681; Lorena ; Bernd ;5.12.1982;
682; Ulrike ; Hüttner ;10.4.1968;
683; Nikolas ; Haack ;23.9.1997;
684; Benjamin ; Sievers ;21.8.1972;
685; Colin ; Reisser ;11.9.1984;
686; Dennis ; Heckmann ;25.9.1983;
687; Janis ; Gilbert ;28.10.1958;
688; Karolina ; Ortiz ;8.2.1921;
689; Siegfried ; Reinke ;27.5.1942;
690; Michelle ; Kennedy ;14.12.1972;
691; Charlotte ; Hess ;22.11.1981;
692; Katharina ; Hildebrand ;11.6.1996;
693; Nadine ; Pfaff ;6.7.1968;
694; Leo ; Stadler ;16.8.1950;
695; Zoe ; Zell ;13.5.1939;
696; Thomas ; Jänsch ;13.4.1964;
697; Mara ; Käfer ;2.10.1975;
698; Hertha ; Büscher ;7.2.1998;
699; Christopher ; Hardy ;15.2.1988;
700; Samira ; May ;1.9.1960;
701; Christa ; Prinz ;17.3.1997;
702; Leona ; Ward ;28.11.1992;
703; Jasper ; Ehrmann ;26.1.1941;
704; Phil ; Springer ;24.6.1932;
705; Sabrina ; Trautmann ;12.9.1997;
706; Merle ; Temme ;2.8.1954;
707; Matilda ; Estrada ;5.8.1939;
708; Annabel ; Biedermann ;12.6.1985;
709; Zoé ; Derksen ;13.7.1954;
710; Kristin ; Pauls ;23.11.1979;
711; Victoria ; Kronenberg ;28.8.1978;
712; Luise ; Salazar ;21.5.1994;
713; Samuel ; Loos ;26.10.1968;
714; Fynn ; Klotz ;9.1.1978;
715; Manfred ; Kayser ;6.11.1982;
716; Janine ; Kurz ;12.11.1930;
717; Joerg ; Brecht ;28.2.1948;
718; Anne ; Germann ;19.3.1984;
719; Matti ; Ingram ;5.5.1972;
720; Connor ; Küpper ;23.3.1958;
721; Karla ; Vogt ;24.2.1943;
722; Joshua ; Vogl ;3.3.1923;
723; Bennet ; Künzel ;3.2.1921;
724; Matis ; Neumann ;12.1.1938;
725; Laila ; Mendoza ;12.3.1948;
726; Annika ; Debus ;16.9.1924;
727; Lotta ; Albrecht ;22.1.1945;
728; Mathilda ; Kasper ;13.8.1962;
729; Marlon ; Hammer ;1.10.1994;
730; Leif ; Holloway ;6.6.1932;
731; Jakob ; Kröger ;24.5.1944;
732; Hildegard ; Ullrich ;21.11.1990;
733; Joschua ; Franklin ;3.2.1987;
734; Mohamed ; Demel ;23.4.1937;
735; Timo ; Dahlmann ;5.8.1956;
736; Rebekka ; Krieg ;22.5.1994;
737; Jenny ; Homann ;27.4.1944;
738; Lene ; Mosch ;20.4.1940;
739; Ferdinand ; Moritz ;7.5.1983;
740; Joel ; Andreas ;26.12.1921;
741; Greta ; Viessmann ;24.3.1950;
742; Emmily ; Jimenez ;17.8.1938;
743; Mike ; Deckert ;1.3.1934;
744; Maxim ; Bürger ;10.11.1960;
745; Joschua ; Seemann ;4.4.1933;
746; Sandra ; Wittig ;24.2.1949;
747; Mattis ; Zacher ;4.9.1944;
748; Connor ; Sanchez ;15.1.1934;
749; Emilie ; Gottschalk ;16.10.1985;
750; Lucas ; Selig ;24.6.1940;
751; Conner ; Wessels ;26.3.1960;
752; Horst ; Sahin ;1.10.1976;
753; Gerd ; Nachtigall ;27.9.1985;
754; Olaf ; Aumann ;2.11.1968;
755; Louis ; Trost ;28.9.1947;
756; Nelli ; Warmuth ;3.2.1999;
757; Alena ; Barrenbrügge ;20.9.1979;
758; Linn ; Schwaiger ;6.11.1956;
759; Andre ; Edel ;25.6.1973;
760; Neele ; Hale ;25.10.1940;
761; Barbara ; Schanz ;14.8.1976;
762; Lilly ; Stiehler ;5.5.1942;
763; Inga ; Waller ;21.3.1932;
764; Melanie ; Ulbrich ;3.12.1985;
765; Cedric ; Döring ;23.11.1939;
766; Leon ; Neumann ;2.2.1959;
767; Curt ; Zabel ;24.3.1988;
768; Anneliese ; Langen ;21.5.1983;
769; Willy ; Süss ;13.7.1961;
770; Katharina ; Heymann ;4.12.1983;
771; Aleyna ; Lehnen ;15.10.1984;
772; Hermann ; Bader ;8.10.1951;
773; Ilse ; Hütter ;13.9.1940;
774; Stephanie ; Horst ;20.7.1957;
775; Rudolph ; Manning ;21.6.1979;
776; Emre ; Rauch ;5.8.1948;
777; Nina ; Wink ;10.10.1970;
778; Irmgard ; Rohde ;14.3.1957;
779; Tore ; Barbier ;20.3.1944;
780; Kay ; Waters ;9.2.1949;
781; Nadin ; Edel ;12.3.1990;
782; Maya ; Schwindt ;14.9.1970;
783; Sabine ; Benz ;13.12.1946;
784; Christa ; Georg ;3.4.1953;
785; Rüdiger ; Siegert ;13.6.1979;
786; Mandy ; Mündel ;27.8.1927;
787; Thomas ; Schütz ;14.8.1961;
788; Viktor ; Janzen ;20.4.1943;
789; Elisabeth ; Wong ;11.12.1946;
790; Nicholas ; Ahrens ;25.9.1980;
791; Bettina ; Buse ;18.11.1926;
792; Alexa ; Thelen ;26.11.1983;
793; Catharina ; Tekin ;2.1.1945;
794; Jürgen ; Hütter ;25.2.1955;
795; Linn ; Kuntz ;15.12.1989;
796; Jana ; Rössler ;10.6.1955;
797; Detlev ; Mendoza ;14.3.1972;
798; Thorben ; Malinowski ;27.6.1937;
799; Milena ; Pauli ;28.3.1998;
800; Cedric ; Maass ;16.8.1998;
801; Svea ; Schatz ;26.8.1998;
802; Samuel ; Brill ;17.5.1996;
803; Bennet ; Chambers ;16.11.1946;
804; Robin ; Wade ;8.1.1949;
805; Sofia ; Opitz ;11.9.1948;
806; Charlotte ; Castro ;24.5.1943;
807; Kristina ; Mitchell ;9.7.1971;
808; Luk ; Schlegel ;4.7.1962;
809; Lewin ; Reissmann ;23.12.1931;
810; Stefan ; Mills ;15.9.1945;
811; Charlotte ; Kleine ;6.9.1957;
812; Christina ; Wagner ;14.10.1924;
813; Barbara ; Menzel ;20.8.1975;
814; Matti ; Kain ;10.10.1948;
815; Enno ; Prinz ;25.5.1995;
816; Danny ; Kalmbach ;9.4.1936;
817; Erik ; Pesch ;5.12.1960;
818; Benedict ; Boone ;20.6.2000;
819; Rebecca ; Forster ;3.11.1937;
820; Reinhardt ; Habel ;9.9.1999;
821; Karla ; Reis ;1.10.1980;
822; Horst ; Bade ;1.11.1992;
823; Linn ; Born ;27.4.1956;
824; Johann ; Reimers ;13.7.1989;
825; Lennox ; Boone ;26.1.1944;
826; Hartmut ; Hirte ;26.7.1968;
827; Isabell ; Fellner ;15.10.1923;
828; Aaron ; Glück ;8.3.1961;
829; Kirsten ; Mühl ;9.7.1981;
830; Karolina ; Steinert ;15.1.1994;
831; Lilian ; Reich ;17.5.1973;
832; Kristin ; Reiter ;19.9.1967;
833; Paula ; Schenk ;11.8.1951;
834; Mohammed ; Grimm ;11.7.1981;
835; Gisela ; Norton ;4.5.1994;
836; Lennart ; Eberle ;9.2.1926;
837; Angelina ; Elliott ;11.12.1927;
838; Piet ; Hilger ;19.1.1953;
839; Lennart ; Cramer ;1.6.1934;
840; Kristin ; Schwan ;26.2.1960;
841; Philip ; Lindemann ;3.7.1973;
842; Ruben ; Parker ;19.12.1958;
843; Maxim ; Maassen ;13.9.1946;
844; Andre ; Dietrich ;11.3.1969;
845; Kiara ; Sack ;13.11.1998;
846; Ina ; Freitag ;17.10.1957;
847; Mirko ; Groth ;12.12.1941;
848; Rüdiger ; Provinzial ;24.4.1950;
849; Jannis ; Atkins ;6.2.1935;
850; Nathalie ; Wiemer ;9.8.1987;
851; Kaja ; Warmuth ;12.12.1953;
852; Annika ; Richardson ;21.9.1992;
853; Julius ; Allen ;17.9.1966;
854; Philine ; Hart ;5.3.1960;
855; Carin ; Gebhard ;23.9.1944;
856; Leoni ; Kehrer ;13.2.1974;
857; Niko ; Klug ;15.7.1932;
858; Inge ; Nguyen ;25.2.1984;
859; Steven ; Scholl ;17.12.1940;
860; Jil ; Zeller ;10.1.1945;
861; Fabienne ; Eckardt ;27.8.1965;
862; Inge ; Hirschfeld ;10.10.1976;
863; Constantin ; Deutsch ;24.2.1985;
864; Luna ; Sanchez ;10.4.1941;
865; Isabel ; Cramer ;12.9.1944;
866; Carolin ; Taylor ;8.2.1969;
867; Smilla ; Herz ;13.1.2000;
868; Klara ; Bosch Dienst ;22.8.1977;
869; Lana ; Neitzel ;16.9.1968;
870; Hanna ; Zink ;17.8.1921;
871; Lisa ; Traub ;22.12.1983;
872; Svea ; Kieme ;3.9.1925;
873; Conner ; Maisch ;25.11.1923;
874; Helene ; Peetz ;23.5.1965;
875; Karoline ; Hähnel ;8.8.1962;
876; Christof ; Schwalm ;10.7.1986;
877; Danny ; Wilkens ;12.6.1936;
878; Janina ; Heil ;17.11.1962;
879; Renate ; Französisch ;10.8.1973;
880; Mara ; Böhm ;27.2.1941;
881; Mirko ; Schall ;17.11.1936;
882; Doris ; Falkenstein ;2.10.1959;
883; Karsten ; Hettich ;20.2.1928;
884; Axel ; Steinmann ;12.9.1959;
885; Gudrun ; Sander ;12.7.1948;
886; Joshua ; Lotz ;13.3.1995;
887; Kristian ; Nowak ;18.3.1952;
888; Laurenz ; David ;19.6.1936;
889; Gudrun ; Baierl ;15.6.1946;
890; Matthias ; Watson ;27.12.1948;
891; Sylvia ; Hack ;13.11.1960;
892; Jason ; Weiß ;19.9.1984;
893; Carin ; Ahrens ;6.5.1945;
894; Kristof ; Rios ;3.10.1978;
895; Diana ; Banks ;13.11.1931;
896; Nora ; Huber ;27.8.1978;
897; Lucia ; Hartwig ;19.6.1967;
898; Michelle ; Hilgert ;25.6.1938;
899; Emilia ; Stumpf ;21.3.1961;
900; Lotta ; Aigner ;13.12.1940;
901; Torben ; Heider ;11.3.1948;
902; Helmuth ; Leibold ;1.6.1953;
903; Lara ; Naber ;15.10.1941;
904; Adrian ; Schön ;25.10.1992;
905; Luk ; Barilovic ;27.10.1923;
906; Steven ; Collier ;22.1.1961;
907; Jan ; Lenz ;10.4.1971;
908; Joel ; Carstensen ;24.3.1934;
909; Kristina ; Schacht ;25.4.1950;
910; Mohammed ; Wilkerson ;17.4.1966;
911; Riccardo ; Preiss ;2.8.2000;
912; Jutta ; Vater ;23.10.1935;
913; Emely ; Oliver ;12.2.1959;
914; Patrick ; Lindner ;27.1.1943;
915; Caja ; Meister ;22.6.1975;
916; Leandra ; Bossert ;28.2.1998;
917; Phillip ; Morris ;13.9.1948;
918; Lucy ; Collins ;20.6.1927;
919; Christopher ; Bittner ;6.1.1942;
920; Maxim ; Willis ;3.8.1997;
921; Konstantin ; Olson ;19.11.1985;
922; Falk ; Kania ;22.5.1940;
923; Martha ; Steiner ;11.1.1931;
924; Heiko ; Schäfers ;5.11.1936;
925; Layla ; Mullins ;15.9.1962;
926; Franz ; Shaw ;7.7.2000;
927; Nadine ; Lüke ;18.9.1921;
928; Till ; Laue ;23.10.1955;
929; Kilian ; Fuhrmann ;7.7.1963;
930; Connor ; Newman ;1.10.1966;
931; Leoni ; Hamilton ;22.1.1980;
932; Niels ; Hartwig ;8.6.1943;
933; Miguel ; Kieslich ;16.2.1955;
934; Stina ; Cross ;2.6.1971;
935; Marie ; Schwer ;10.9.1929;
936; Falk ; Franklin ;15.10.1983;
937; Riccardo ; Kaczmarek ;12.1.1920;
938; Walther ; Winterhart ;22.3.1968;
939; Céline ; Schwan ;19.2.1944;
940; Gudrun ; Puls ;14.4.1928;
941; Regina ; Guerrero ;10.3.1980;
942; Celina ; Brandt ;2.11.1994;
943; Robin ; George ;5.7.1955;
944; Milan ; Saal ;26.11.1997;
945; Volker ; König ;1.6.1982;
946; Johannes ; Buschmann ;10.12.1936;
947; Rosemarie ; Wise ;18.4.1965;
948; Victor ; Schumann ;3.5.1950;
949; Celine ; Wilhelm ;18.6.1964;
950; Theresa ; Thiele ;6.4.1953;
951; Olivia ; Homann ;7.4.1963;
952; Elisabeth ; Marshall ;6.7.1930;
953; Werner ; Barnett ;12.1.1957;
954; Alexa ; Winter ;15.5.1922;
955; Lothar ; Delgado ;4.5.1951;
956; Dieter ; Schaf ;6.4.1932;
957; Kim ; Sparks ;11.7.1994;
958; Klaudia ; Puls ;5.5.1987;
959; Mia ; Bär ;14.5.1979;
960; Emilia ; Bad ;12.2.1979;
961; Kurt ; Mullins ;20.5.1997;
962; Daniel ; Ziemann ;10.7.1972;
963; Juliana ; Lyons ;26.4.1959;
964; Bettina ; Austin ;21.1.1958;
965; Alexa ; Lachmann ;5.3.1998;
966; Nadin ; Rode ;2.2.1984;
967; Luise ; Marquart ;11.2.1986;
968; Elisabeth ; Temme ;17.3.1971;
969; Madita ; Kreutz ;28.9.1928;
970; Erik ; März ;16.4.1934;
971; Denise ; Howard ;3.12.1998;
972; Volker ; Uhlemann ;6.9.1981;
973; Silvia ; Schwager ;21.4.1929;
974; Raphael ; Parks ;6.12.1940;
975; Gertrud ; Rentschler ;10.7.1985;
976; Lina ; Kaya ;10.12.1970;
977; Hanna ; Geib ;1.12.1963;
978; Wolfgang ; Grossmann ;25.4.1995;
979; Helena ; Reinelt ;3.7.1924;
980; Matteo ; Cobb ;25.4.1958;
981; Kristof ; King ;12.8.1942;
982; Hanna ; Bröcker ;25.1.1983;
983; Gerda ; Bösl ;25.6.1953;
984; Heinz ; Adolph ;3.6.1982;
985; Elke ; Meier ;17.9.1972;
986; Ralph ; Geist ;27.4.1978;
987; Mads ; Gerth ;15.4.1957;
988; Stefan ; Schwalm ;13.8.1996;
989; Phillip ; Seibold ;18.7.1964;
990; Karina ; Pape ;22.1.1959;
991; Joerg ; Dachser ;9.12.1970;
992; Christine ; Born ;10.12.1920;
993; Louise ; Flowers ;25.10.1971;
994; Andre ; Marshall ;17.6.1995;
995; Tara ; Rack ;20.5.1948;
996; Alex ; Sacher ;20.4.1993;
997; Lucia ; Lüke ;19.8.1965;
998; Thies ; Jefferson ;20.5.1973;
999; Helmut ; Hampel ;15.11.1948;
1000; Mathias ; Abele ;9.2.1998;
